{
  "priceModel": {
    "initialized": true,
    "lastTrained": "2025-03-26T20:11:12.588Z",
    "version": "1.0.2",
    "featureConfig": {
      "basicFeatures": 7,
      "colorFeatures": 6,
      "imageFeatures": 10,
      "hasColors": true,
      "hasImages": true
    },
    "performance": {
      "lastValidationLoss": 0.5870343446731567,
      "crossValidation": {
        "mse": 0.11348603940859903,
        "mae": 0.20410770550370216,
        "r2": null,
        "validationLoss": 0.11348603940859903
      },
      "featureImportance": {
        "mean": [
          0.7353930739257912,
          0.44000249133550334,
          0.20912639076069817,
          0.4539038142572417,
          0.24584121708349108,
          0.5219016641664176,
          0.6300631401784036,
          0.5147237669496902,
          0.3280728351657217,
          0.14582586370087758,
          0.2639834338706487,
          0.40432083409341724,
          0.42865280857299,
          0.7708361926462886,
          0.26604248807498665,
          0.2602252654707521,
          0.49859204706326066,
          0.1652037173914225,
          0.248670266423475,
          0.20689321986887557,
          0.46047103518608934,
          0.23903670328310717,
          0.29601401250170006
        ],
        "std": [
          0.25230792203166863,
          0.19075511995718816,
          0.08833582807942791,
          0.19108845539547278,
          0.2425410944684858,
          0.2869275711515834,
          0.3431226958722062,
          0.2310612497393413,
          0.17768968683809716,
          0.10324442323715628,
          0.14448890735029282,
          0.09419548588907058,
          0.24337167860960465,
          0.20549797967144237,
          0.21709970337696377,
          0.17312256992758737,
          0.17463358954251726,
          0.07826428742984484,
          0.145515786415214,
          0.12257998556531831,
          0.07946526584591594,
          0.1084235195303576,
          0.14721012269688774
        ]
      },
      "featureUsage": {
        "basic": true,
        "colors": true,
        "image": true
      }
    }
  },
  "imageModel": {
    "initialized": false,
    "lastTrained": null,
    "version": "1.0.0",
    "performance": {
      "lastValidationLoss": null,
      "lastTrainingLoss": null
    }
  }
}